year,diesel
2050,3.924145
2049,3.923101
2048,3.914353
2047,3.907707
2046,3.90424
2045,3.82362
2044,3.815942
2043,3.828923
2042,3.812437
2041,3.810997
2040,3.787541
2039,3.780975
2038,3.775079
2037,3.761191
2036,3.742129
2035,3.741309
2034,3.712827
2033,3.706393
2032,3.689976
2031,3.672718
2030,3.651149
2029,3.647751
2028,3.634589
2027,3.741054
2026,3.869371
2025,3.996505
2024,4.286637
2023,4.518414
2022,5.105059