fuel_type,gCO2/gal
diesel,12360.04118
biodiesel,3496.92954
e-fuel,71.37127156