{"railroad": "WCAN", "crs": "epsg:4326", "radius": 10000, "scenario": {"railroad": "WCAN", "range_mi": NaN, "fuel_type": "e-fuel", "desired_deployment_perc": 0.5, "reroute": NaN, "switch_tech": NaN, "max_reroute_inc": NaN, "max_util": NaN, "station_type": NaN, "scenario_code": "test3"}, "operations": {"baseline_avg_distance_mi": {"AG_FOOD": 1250.9383576428847, "CHEM_PET": 921.2124554421315, "FOR_PROD": 1446.0633512033396, "MO_VEH": 1349.5383875879543, "COAL": 993.4704432775894, "NONMET_PRO": 615.5316951284233, "IM": 1887.6169460108626, "MET_ORE": 231.7115787477166, "OTHER": 649.6866778187001, "TOTAL": 1005.413081026618}, "baseline_total_tonmi": {"AG_FOOD": 50797117836.79808, "CHEM_PET": 32781178487.453815, "FOR_PROD": 6209627400.203333, "MO_VEH": 3556357540.507281, "COAL": 71735242126.02078, "NONMET_PRO": 10713278064.579512, "IM": 39524886737.199295, "MET_ORE": 5963606085.987838, "OTHER": 1249804211.1798668, "TOTAL": 222531098489.92984}, "baseline_total_annual_tonmi": {"AG_FOOD": 18540948010431.3, "CHEM_PET": 11965130147920.643, "FOR_PROD": 2266514001074.2163, "MO_VEH": 1298070502285.1575, "COAL": 26183363375997.586, "NONMET_PRO": 3910346493571.522, "IM": 14426583659077.742, "MET_ORE": 2176716221385.5608, "OTHER": 456178537080.65137, "TOTAL": 81223850948824.39}, "baseline_commodity_gal": {"AG_FOOD": 58942631.29498127, "CHEM_PET": 37542500.965295255, "FOR_PROD": 10377382.860863233, "MO_VEH": 19247151.080485407, "COAL": 58607341.28309057, "NONMET_PRO": 10441999.64297556, "IM": 263747752.9907147, "MET_ORE": 6901799.471280105, "OTHER": 5271441.3281822605, "TOTAL": 471080000.9178689}, "emissions_change": {"AG_FOOD": 49.71128222584121, "CHEM_PET": 49.71128222584125, "FOR_PROD": 49.71128222584122, "COAL": 49.711282225841245, "MO_VEH": 49.711282225841266, "NONMET_PRO": 49.71128222584128, "IM": 49.71128222584128, "MET_ORE": 49.71128222584121, "TOTAL": 49.7112822258413, "OTHER": 49.711282225841224}, "cost_avoided_emissions": {"AG_FOOD": 0.22134209969558044, "CHEM_PET": 0.22134209969557994, "FOR_PROD": 0.22134209969558014, "COAL": 0.22134209969557994, "MO_VEH": 0.22134209969557972, "NONMET_PRO": 0.22134209969557964, "IM": 0.2213420996955798, "MET_ORE": 0.22134209969558064, "TOTAL": 0.22134209969557994, "OTHER": 0.22134209969557966}}, "diesel_TEA": {"fuel_LCO_tonmi": {"AG_FOOD": 0.002866074011646734, "CHEM_PET": 0.002828756672667195, "FOR_PROD": 0.004127805746523998, "COAL": 0.0020179778959263364, "MO_VEH": 0.013367740061933638, "NONMET_PRO": 0.0024074553990550175, "IM": 0.016482196501120882, "MET_ORE": 0.002858579934398542, "TOTAL": 0.005228786493946108, "OTHER": 0.01041799984680667}, "total_LCO_tonmi": {"AG_FOOD": 0.002866074011646734, "CHEM_PET": 0.002828756672667195, "FOR_PROD": 0.004127805746523998, "COAL": 0.0020179778959263364, "MO_VEH": 0.013367740061933638, "NONMET_PRO": 0.0024074553990550175, "IM": 0.016482196501120882, "MET_ORE": 0.002858579934398542, "TOTAL": 0.005228786493946108, "OTHER": 0.01041799984680667}, "daily_fuel_cost": {"AG_FOOD": 145588299.29860383, "CHEM_PET": 92729977.38427939, "FOR_PROD": 25632135.66633219, "COAL": 144760132.96923363, "MO_VEH": 47540463.16879897, "NONMET_PRO": 25791739.11814965, "IM": 651456949.8870652, "MET_ORE": 17047444.694061823, "TOTAL": 1163567602.2671328, "OTHER": 13020460.080610223}, "annual_fuel_cost": {"AG_FOOD": 53139729243.99032, "CHEM_PET": 33846441745.261925, "FOR_PROD": 9355729518.21125, "COAL": 52837448533.77029, "MO_VEH": 17352269056.611637, "NONMET_PRO": 9413984778.124609, "IM": 237781786708.77893, "MET_ORE": 6222317313.332576, "TOTAL": 424702174827.5045, "OTHER": 4752467929.422721}, "annual_total_cost": {"AG_FOOD": 53139729243.99032, "CHEM_PET": 33846441745.261925, "FOR_PROD": 9355729518.21125, "COAL": 52837448533.77029, "MO_VEH": 17352269056.611637, "NONMET_PRO": 9413984778.124609, "IM": 237781786708.77893, "MET_ORE": 6222317313.332576, "TOTAL": 424702174827.5045, "OTHER": 4752467929.422721}, "daily_total_cost": {"AG_FOOD": 145588299.29860383, "CHEM_PET": 92729977.38427939, "FOR_PROD": 25632135.66633219, "COAL": 144760132.96923363, "MO_VEH": 47540463.16879897, "NONMET_PRO": 25791739.11814965, "IM": 651456949.8870652, "MET_ORE": 17047444.694061823, "TOTAL": 1163567602.2671328, "OTHER": 13020460.080610223}}, "energy_source_TEA": {"fuel_LCO_tonmi": {"AG_FOOD": 0.006022236486010748, "CHEM_PET": 0.005943824749450503, "FOR_PROD": 0.008673405596947185, "COAL": 0.0042402045667440024, "MO_VEH": 0.028088490251593354, "NONMET_PRO": 0.005058580372913175, "IM": 0.03463263151450096, "MET_ORE": 0.006006489821671432, "TOTAL": 0.010986802390113484, "OTHER": 0.02189045311940349}, "total_LCO_tonmi": {"AG_FOOD": 0.0044441552488287414, "CHEM_PET": 0.004386290711058848, "FOR_PROD": 0.006400605671735591, "COAL": 0.0031290912313351694, "MO_VEH": 0.020728115156763496, "NONMET_PRO": 0.003733017885984096, "IM": 0.025557414007810923, "MET_ORE": 0.004432534878034986, "TOTAL": 0.008107794442029794, "OTHER": 0.016154226483105077}, "daily_fuel_cost": {"AG_FOOD": 152956128.21047613, "CHEM_PET": 97422790.0049412, "FOR_PROD": 26929308.52394008, "COAL": 152086050.62961996, "MO_VEH": 49946357.05385969, "NONMET_PRO": 27096989.073521588, "IM": 684425419.010905, "MET_ORE": 17910169.62797186, "TOTAL": 1222452602.3818672, "OTHER": 13679390.246632982}, "annual_fuel_cost": {"AG_FOOD": 55828986796.823875, "CHEM_PET": 35559318351.803505, "FOR_PROD": 9829197611.23812, "COAL": 55511408479.811325, "MO_VEH": 18230420324.658775, "NONMET_PRO": 9890401011.835386, "IM": 249815277938.9803, "MET_ORE": 6537211914.209724, "TOTAL": 446195199869.3807, "OTHER": 4992977440.021041}, "annual_total_cost": {"AG_FOOD": 82398851418.81903, "CHEM_PET": 52482539224.43458, "FOR_PROD": 14507062370.343748, "COAL": 81930132746.69644, "MO_VEH": 26906554852.964603, "NONMET_PRO": 14597393400.89768, "IM": 368706171293.3694, "MET_ORE": 9648370570.876009, "TOTAL": 658546287283.1337, "OTHER": 7369211404.732404}, "daily_total_cost": {"AG_FOOD": 225750277.8597782, "CHEM_PET": 143787778.69708097, "FOR_PROD": 39745376.35710614, "COAL": 224466117.11423674, "MO_VEH": 73716588.63825922, "NONMET_PRO": 39992858.63259644, "IM": 1010153893.9544374, "MET_ORE": 26433891.975002762, "TOTAL": 1804236403.515436, "OTHER": 20189620.28693808}}, "diesel_LCA": {"emissions_tonco2_tonmi": {"AG_FOOD": 1.4342021380113926e-05, "CHEM_PET": 1.4155282980715105e-05, "FOR_PROD": 2.065580931582075e-05, "COAL": 1.0098093074485536e-05, "MO_VEH": 6.689304358260553e-05, "NONMET_PRO": 1.2047063915519587e-05, "IM": 8.247798683834256e-05, "MET_ORE": 1.4304520528537493e-05, "TOTAL": 2.61651888204865e-05, "OTHER": 5.213235106063333e-05}, "total_emissions_tonco2_tonmi": {"AG_FOOD": 1.4342021380113926e-05, "CHEM_PET": 1.4155282980715105e-05, "FOR_PROD": 2.065580931582075e-05, "COAL": 1.0098093074485536e-05, "MO_VEH": 6.689304358260553e-05, "NONMET_PRO": 1.2047063915519587e-05, "IM": 8.247798683834256e-05, "MET_ORE": 1.4304520528537493e-05, "TOTAL": 2.61651888204865e-05, "OTHER": 5.213235106063333e-05}, "annual_fuel_emissions_tonco2": {"AG_FOOD": 265914672.77318642, "CHEM_PET": 169369803.1449023, "FOR_PROD": 46816681.01782697, "COAL": 264402040.37389943, "MO_VEH": 86831886.68265568, "NONMET_PRO": 47108194.139884025, "IM": 1189875577.1556618, "MET_ORE": 31136881.873610318, "TOTAL": 2125237396.8030417, "OTHER": 23781659.641414654}, "annual_total_emissions_tonco2": {"AG_FOOD": 265914672.77318642, "CHEM_PET": 169369803.1449023, "FOR_PROD": 46816681.01782697, "COAL": 264402040.37389943, "MO_VEH": 86831886.68265568, "NONMET_PRO": 47108194.139884025, "IM": 1189875577.1556618, "MET_ORE": 31136881.873610318, "TOTAL": 2125237396.8030417, "OTHER": 23781659.641414654}}, "energy_source_LCA": {"emissions_tonco2_tonmi": {"AG_FOOD": 8.281592979607191e-08, "CHEM_PET": 8.173763589558396e-08, "FOR_PROD": 1.1927398578222366e-07, "COAL": 5.8309979114265546e-08, "MO_VEH": 3.862642129974729e-07, "NONMET_PRO": 6.956402957673842e-08, "IM": 4.762572155412063e-07, "MET_ORE": 8.259938654814782e-08, "TOTAL": 1.5108710153388164e-07,